{
  "pass_rate": 0.6018518518518519,
  "faithfulness": 0.7083333333333334,
  "total": 108
}
